{
  "H+1": {
    "mae": 2.527737564875333,
    "rmse": 3.616495008741626,
    "r2": 0.8847808041406517,
    "mae_b": 2.4992497612876825,
    "rmse_b": 3.6752028380095974,
    "n_tr": 41935,
    "n_te": 21993
  },
  "H+3": {
    "mae": 3.988641256226219,
    "rmse": 5.764541398248245,
    "r2": 0.7172881381666598,
    "mae_b": 4.012780082987552,
    "rmse_b": 5.856471400204289,
    "n_tr": 16752,
    "n_te": 6025
  },
  "H+24": {
    "mae": 4.211010207092622,
    "rmse": 6.081482127607205,
    "r2": 0.6910420364286443,
    "mae_b": 4.2288424484956275,
    "rmse_b": 6.21718002029638,
    "n_tr": 21631,
    "n_te": 6747
  }
}